"","VALUE","Freq","EVT_NAME","LFRDB","EVT_FUEL","EVT_FUEL_N","EVT_LF","EVT_PHYS","EVT_GP","EVT_GP_N","SAF_SRM","EVT_ORDER","EVT_CLASS","EVT_SBCLS","R","G","B","RED","GREEN","BLUE","ACRES","REL_PERCENT"
"1",7238,4140440,"Laurentian-Acadian Northern Oak Forest",7362,2238,"Tr Laurentian-Acadian Northern Oak Forest","Tree","Hardwood",665,"Red Pine-White Pine Forest and Woodland","SAF 15: Red Pine","Tree-dominated","Closed tree canopy","Deciduous closed tree canopy",174,245,224,0.682353,0.960784,0.878431,920812,1.5
"2",7239,3271491,"Laurentian-Acadian Northern Pine-(Oak) Forest",7362,2239,"Tr Laurentian-Acadian Northern Pine-Oak Forest","Tree","Conifer-Hardwood",665,"Red Pine-White Pine Forest and Woodland","SAF 15: Red Pine","Tree-dominated","Closed tree canopy","Mixed evergreen-deciduous closed tree canopy",174,245,224,0.682353,0.960784,0.878431,727562,1.2
"3",7240,543822,"Laurentian-Acadian Hardwood Forest",7366,2240,"Tr Laurentian-Acadian Hardwood Forest","Tree","Hardwood",685,"Pine-Hemlock-Hardwood Forest","SAF 24: Hemlock-Yellow Birch","Tree-dominated","Closed tree canopy","Deciduous closed tree canopy",0,92,0,0,0.360784,0,120943,0.2
"4",7241,2690522,"Laurentian-Acadian Pine-Hemlock-Hardwood Forest",7366,2241,"Tr Laurentian-Acadian Pine-Hemlock-Hardwood Forest","Tree","Conifer-Hardwood",685,"Pine-Hemlock-Hardwood Forest","SAF 24: Hemlock-Yellow Birch","Tree-dominated","Closed tree canopy","Mixed evergreen-deciduous closed tree canopy",0,92,0,0,0.360784,0,598358,1
"5",7242,264346,"Laurentian Oak Barrens",7407,2242,"Tr Laurentian Oak Barrens","Tree","Hardwood",676,"Jack Pine Forest","SAF 15: Red Pine","Tree-dominated","Sparse tree canopy","Deciduous sparse tree canopy",174,245,224,0.682353,0.960784,0.878431,58789,0.1
"6",7243,68104,"Laurentian Pine-Oak Barrens",7407,2243,"Tr Laurentian Pine-Oak Barrens","Tree","Conifer-Hardwood",676,"Jack Pine Forest","SAF 15: Red Pine","Tree-dominated","Sparse tree canopy","Mixed evergreen-deciduous sparse tree canopy",174,245,224,0.682353,0.960784,0.878431,15146,0
"7",7268,3350,"Eastern Great Plains Tallgrass Aspen Shrubland",7331,2331,"Tr Eastern Great Plains Tallgrass Aspen Parkland","Shrub","Shrubland",602,"Aspen Forest, Woodland, and Parkland","SRM 16: Aspen","Shrub-dominated","Shrubland","Mixed evergreen-deciduous shrubland",192,255,138,0.752941,1,0.541176,745,0
"8",7272,14150,"Eastern Boreal Floodplain Shrubland",7444,2444,"Tr Eastern Boreal Floodplain","Shrub","Riparian",666,"Eastern Floodplain Forests","SAF 39: Black Ash-American Elm-Red Maple","Shrub-dominated","Shrubland","Mixed evergreen-deciduous shrubland",50,137,168,0.196078,0.537255,0.658824,3147,0
"9",7290,1872,"North-Central Oak Barrens Herbaceous",7395,2395,"Tr North-Central Oak Barrens","Herb","Grassland",663,"Black Oak Woodland and Savanna","SAF 14: Northern Pin Oak","Herbaceous / Nonvascular-dominated","Herbaceous - grassland","Perennial graminoid",44,127,163,0.172549,0.498039,0.639216,416,0
"10",7292,14882453,"Open Water",7292,11,"Ba Open Water","Water","Open Water",11,"Open Water","LF 11: Water","Non-vegetated","Non-vegetated","Non-vegetated",0,0,255,0,0,1,3309778,5.3
"11",7295,218808,"Quarries-Strip Mines-Gravel Pits-Well and Wind Pads",7295,32,"Bab Quarries-Strip Mines-Gravel Pits-Well and Wind Pads","Barren","Quarries-Strip Mines-Gravel Pits-Well and Wind Pads",32,"Quarries-Strip Mines-Gravel Pits-Well and Wind Pads","LF 20: Developed","Non-vegetated","Non-vegetated","Developed",230,232,250,0.901961,0.909804,0.980392,48662,0.1
"12",7296,1480081,"Developed-Low Intensity",7296,2902,"Bau Developed-Low Intensity","Developed","Developed-Low Intensity",22,"Developed-Low Intensity","LF 20: Developed","No Dominant Lifeform","No Dominant Lifeform","Developed",255,122,143,1,0.478431,0.560784,329162,0.5
"13",7297,702037,"Developed-Medium Intensity",7297,2903,"Bau Developed-Medium Intensity","Developed","Developed-Medium Intensity",23,"Developed-Medium Intensity","LF 20: Developed","No Dominant Lifeform","No Dominant Lifeform","Developed",253,44,79,0.992157,0.172549,0.309804,156129,0.2
"14",7298,316011,"Developed-High Intensity",7298,2904,"Bau Developed-High Intensity","Developed","Developed-High Intensity",24,"Developed-High Intensity","LF 20: Developed","No Dominant Lifeform","No Dominant Lifeform","Developed",173,0,28,0.678431,0,0.109804,70279,0.1
"15",7299,8686208,"Developed-Roads",7299,2905,"Bau Developed-Roads","Developed","Developed-Roads",25,"Developed-Roads","LF 20: Developed","No Dominant Lifeform","No Dominant Lifeform","Developed",1,1,1,0.003922,0.003922,0.003922,1931766,3.1
"16",7301,15695115,"Laurentian-Acadian Sub-boreal Aspen-Birch Forest",7301,2301,"Tr Boreal Aspen-Birch Forest","Tree","Hardwood",652,"Aspen-Birch Forest","SAF 16: Aspen","Tree-dominated","Closed tree canopy","Deciduous closed tree canopy",192,255,138,0.752941,1,0.541176,3490510,5.6
"17",7302,70287407,"Laurentian-Acadian Northern Hardwoods Forest",7302,2302,"Tr Laurentian-Acadian Northern Hardwoods Forest","Tree","Hardwood",682,"Yellow Birch-Sugar Maple Forest","SAF 27: Sugar Maple","Tree-dominated","Closed tree canopy","Deciduous closed tree canopy",171,255,138,0.670588,1,0.541176,15631543,24.9
"18",7310,1057685,"North-Central Interior Dry-Mesic Oak Forest and Woodland",7310,2310,"Tr North-Central Interior Dry-Mesic Oak Forest and Woodland","Tree","Hardwood",660,"White Oak-Red Oak-Hickory Forest and Woodland","SAF 52: White Oak-Black Oak-Northern Red Oak","Tree-dominated","Closed tree canopy","Deciduous closed tree canopy",85,187,194,0.333333,0.733333,0.760784,235223,0.4
"19",7311,687171,"North-Central Interior Dry Oak Forest and Woodland",7311,2311,"Tr North-Central Interior Dry Oak Forest and Woodland","Tree","Hardwood",663,"Black Oak Woodland and Savanna","SAF 110: Black Oak","Tree-dominated","Open tree canopy","Deciduous open tree canopy",85,187,194,0.333333,0.733333,0.760784,152823,0.2
"20",7313,55917,"North-Central Interior Beech-Maple Forest",7313,2313,"Tr North-Central Interior Beech-Maple Forest","Tree","Hardwood",655,"Beech-Maple-Basswood Forest","SAF 25: Sugar Maple-Beech-Yellow Birch","Tree-dominated","Closed tree canopy","Deciduous closed tree canopy",0,92,0,0,0.360784,0,12436,0
"21",7314,193227,"North-Central Interior Maple-Basswood Forest",7314,2314,"Tr North-Central Interior Maple-Basswood Forest","Tree","Hardwood",655,"Beech-Maple-Basswood Forest","SAF 26: Sugar Maple-Basswood","Tree-dominated","Closed tree canopy","Deciduous closed tree canopy",171,255,138,0.670588,1,0.541176,42973,0.1
"22",7331,57063,"Eastern Great Plains Tallgrass Aspen Forest and Woodland",7331,2331,"Tr Eastern Great Plains Tallgrass Aspen Parkland","Tree","Hardwood",602,"Aspen Forest, Woodland, and Parkland","SAF 16: Aspen","Tree-dominated","Open tree canopy","Deciduous open tree canopy",192,255,138,0.752941,1,0.541176,12691,0
"23",7362,4623228,"Laurentian-Acadian Northern Pine Forest",7362,2362,"Tr Laurentian-Acadian Northern Pine Forest","Tree","Conifer",665,"Red Pine-White Pine Forest and Woodland","SAF 15: Red Pine","Tree-dominated","Closed tree canopy","Evergreen closed tree canopy",174,245,224,0.682353,0.960784,0.878431,1028181,1.6
"24",7366,3509499,"Laurentian-Acadian Pine-Hemlock Forest",7366,2366,"Tr Laurentian-Acadian Pine-Hemlock Forest","Tree","Conifer",685,"Pine-Hemlock-Hardwood Forest","SAF 24: Hemlock-Yellow Birch","Tree-dominated","Closed tree canopy","Evergreen closed tree canopy",0,92,0,0,0.360784,0,780494,1.2
"25",7395,62738,"North-Central Oak Barrens Woodland",7395,2395,"Tr North-Central Oak Barrens","Tree","Hardwood",663,"Black Oak Woodland and Savanna","SAF 14: Northern Pin Oak","Tree-dominated","Sparse tree canopy","Deciduous sparse tree canopy",44,127,163,0.172549,0.498039,0.639216,13953,0
"26",7407,671161,"Laurentian Pine Barrens",7407,2407,"Tr Laurentian Pine Barrens","Tree","Conifer",676,"Jack Pine Forest","SAF 15: Red Pine","Tree-dominated","Sparse tree canopy","Evergreen sparse tree canopy",174,245,224,0.682353,0.960784,0.878431,149263,0.2
"27",7409,3207,"Great Lakes Alvar",7409,2409,"He Great Lakes Alvar","Herb","Grassland",671,"Great Lakes Alvar","SAF 37: Northern White-Cedar","Herbaceous / Nonvascular-dominated","Herbaceous - shrub-steppe","Perennial graminoid steppe",216,216,191,0.847059,0.847059,0.74902,713,0
"28",7411,211,"Great Lakes Wet-Mesic Lakeplain Prairie",7411,2411,"He Great Lakes Wet-Mesic Lakeplain Prairie","Herb","Riparian",675,"Inland Marshes and Prairies","LF 44: Laurentian-Acadian Herbaceous Wetland","Herbaceous / Nonvascular-dominated","Herbaceous - grassland","Perennial graminoid grassland",255,92,38,1,0.360784,0.14902,47,0
"29",7412,29037,"North-Central Interior Sand and Gravel Tallgrass Prairie",7412,2412,"He North-Central Interior Sand and Gravel Tallgrass Prairie","Herb","Grassland",649,"Tallgrass Prairie","SRM 601: Bluestem Prairie","Herbaceous / Nonvascular-dominated","Herbaceous - grassland","Perennial graminoid grassland",255,137,64,1,0.537255,0.25098,6458,0
"30",7420,73750,"Northern Tallgrass Prairie",7420,2420,"He Northern Tallgrass Prairie","Herb","Grassland",649,"Tallgrass Prairie","SRM 601: Bluestem Prairie","Herbaceous / Nonvascular-dominated","Herbaceous - grassland","Perennial graminoid grassland",255,137,64,1,0.537255,0.25098,16402,0
"31",7421,3118,"Central Tallgrass Prairie",7421,2421,"He Central Tallgrass Prairie","Herb","Grassland",649,"Tallgrass Prairie","SRM 601: Bluestem Prairie","Herbaceous / Nonvascular-dominated","Herbaceous - grassland","Perennial graminoid grassland",255,137,64,1,0.537255,0.25098,693,0
"32",7444,83575,"Eastern Boreal Floodplain Woodland",7444,2444,"Tr Eastern Boreal Floodplain","Tree","Riparian",666,"Eastern Floodplain Forests","SAF 39: Black Ash-American Elm-Red Maple","Tree-dominated","Open tree canopy","Deciduous open tree canopy",50,137,168,0.196078,0.537255,0.658824,18587,0
"33",7466,174152,"Great Lakes Wooded Dune and Swale",7466,2466,"Tr Great Lakes Wooded Dune and Swale","Tree","Riparian",675,"Inland Marshes and Prairies","SAF 1: Jack Pine","Tree-dominated","Open tree canopy","Mixed evergreen-deciduous open tree canopy",174,245,224,0.682353,0.960784,0.878431,38730,0.1
"34",7481,38719682,"Laurentian-Acadian Alkaline Conifer-Hardwood Swamp",7481,2481,"Tr Laurentian-Acadian Alkaline Conifer-Hardwood Swamp","Tree","Riparian",694,"Atlantic Swamp Forests","SAF 39: Black Ash-American Elm-Red Maple","Tree-dominated","Closed tree canopy","Mixed evergreen-deciduous closed tree canopy",50,137,168,0.196078,0.537255,0.658824,8611050,13.7
"35",7518,204,"North-Central Interior Wet Flatwoods",7518,2518,"Tr North-Central Interior Wet Flatwoods","Tree","Riparian",673,"Hardwood Flatwoods","SAF 65: Pin Oak-Sweetgum","Tree-dominated","Open tree canopy","Deciduous open tree canopy",145,255,115,0.568627,1,0.45098,45,0
"36",7755,617,"Agriculture-Cultivated Crops and Irrigated Agriculture",7755,82,"Da Agriculture-Cultivated Crops and Irrigated Agriculture","Agriculture","Agricultural",82,"Agriculture-Cultivated Crops and Irrigated Agriculture","LF 80: Agriculture","Herbaceous / Nonvascular-dominated","Herbaceous - grassland","Annual Graminoid/Forb",250,255,119,0.980392,1,0.466667,137,0
"37",7900,155,"Western Cool Temperate Urban Deciduous Forest",7900,2913,"Dtd Urban Deciduous Forest","Tree","Developed",13,"Developed-Upland Deciduous Forest","LF 20: Developed","Tree-dominated","Open tree canopy","Deciduous open tree canopy",112,68,137,0.439216,0.266667,0.537255,34,0
"38",7901,121,"Western Cool Temperate Urban Evergreen Forest",7901,2914,"Dtc Urban Evergreen Forest","Tree","Developed",14,"Developed-Upland Evergreen Forest","LF 20: Developed","Tree-dominated","Open tree canopy","Evergreen open tree canopy",170,102,205,0.666667,0.4,0.803922,27,0
"39",7902,90,"Western Cool Temperate Urban Mixed Forest",7902,2915,"Dtm Urban Mixed Deciduous-Evergreen Forest","Tree","Developed",15,"Developed-Upland Mixed Forest","LF 20: Developed","Tree-dominated","Open tree canopy","Mixed evergreen-deciduous open tree canopy",194,158,215,0.760784,0.619608,0.843137,20,0
"40",7903,567,"Western Cool Temperate Urban Herbaceous",7903,2916,"Dgr Urban Herbaceous","Herb","Developed",16,"Developed-Upland Herbaceous","LF 20: Developed","Herbaceous / Nonvascular-dominated","Herbaceous - grassland","Perennial graminoid",202,122,245,0.792157,0.478431,0.960784,126,0
"41",7904,30,"Western Cool Temperate Urban Shrubland",7904,2917,"Dsh Urban Shrubland","Shrub","Developed",17,"Developed-Upland Shrubland","LF 20: Developed","Shrub-dominated","Shrubland","Mixed evergreen-deciduous shrubland",207,171,215,0.811765,0.670588,0.843137,7,0
"42",7905,1134481,"Eastern Cool Temperate Urban Deciduous Forest",7905,2913,"Dtd Urban Deciduous Forest","Tree","Developed",13,"Developed-Upland Deciduous Forest","LF 20: Developed","Tree-dominated","Open tree canopy","Deciduous open tree canopy",112,68,137,0.439216,0.266667,0.537255,252303,0.4
"43",7906,659226,"Eastern Cool Temperate Urban Evergreen Forest",7906,2914,"Dtc Urban Evergreen Forest","Tree","Developed",14,"Developed-Upland Evergreen Forest","LF 20: Developed","Tree-dominated","Open tree canopy","Evergreen open tree canopy",170,102,205,0.666667,0.4,0.803922,146608,0.2
"44",7907,194295,"Eastern Cool Temperate Urban Mixed Forest",7907,2915,"Dtm Urban Mixed Deciduous-Evergreen Forest","Tree","Developed",15,"Developed-Upland Mixed Forest","LF 20: Developed","Tree-dominated","Open tree canopy","Mixed evergreen-deciduous open tree canopy",194,158,215,0.760784,0.619608,0.843137,43210,0.1
"45",7908,684418,"Eastern Cool Temperate Urban Herbaceous",7908,2916,"Dgr Urban Herbaceous","Herb","Developed",16,"Developed-Upland Herbaceous","LF 20: Developed","Herbaceous / Nonvascular-dominated","Herbaceous - grassland","Perennial graminoid",202,122,245,0.792157,0.478431,0.960784,152211,0.2
"46",7909,19847,"Eastern Cool Temperate Urban Shrubland",7909,2917,"Dsh Urban Shrubland","Shrub","Developed",17,"Developed-Upland Shrubland","LF 20: Developed","Shrub-dominated","Shrubland","Mixed evergreen-deciduous shrubland",207,171,215,0.811765,0.670588,0.843137,4414,0
"47",7920,122,"Western Cool Temperate Developed Deciduous Forest",7920,2908,"Dtd Developed Deciduous Forest","Tree","Developed",13,"Developed-Upland Deciduous Forest","LF 20: Developed","Tree-dominated","Open tree canopy","Deciduous open tree canopy",64,61,168,0.25098,0.239216,0.658824,27,0
"48",7921,41,"Western Cool Temperate Developed Evergreen Forest",7921,2909,"Dtc Developed Evergreen Forest","Tree","Developed",14,"Developed-Upland Evergreen Forest","LF 20: Developed","Tree-dominated","Open tree canopy","Evergreen open tree canopy",102,119,205,0.4,0.466667,0.803922,9,0
"49",7922,83,"Western Cool Temperate Developed Mixed Forest",7922,2910,"Dtm Developed Mixed Deciduous-Evergreen Forest","Tree","Developed",15,"Developed-Upland Mixed Forest","LF 20: Developed","Tree-dominated","Open tree canopy","Mixed evergreen-deciduous open tree canopy",68,79,137,0.266667,0.309804,0.537255,18,0
"50",7923,29,"Western Cool Temperate Developed Shrubland",7923,2912,"Dsh Developed Shrubland","Shrub","Developed",17,"Developed-Upland Shrubland","LF 20: Developed","Shrub-dominated","Shrubland","Mixed evergreen-deciduous shrubland",122,142,245,0.478431,0.556863,0.960784,6,0
"51",7924,662,"Western Cool Temperate Developed Herbaceous",7924,2911,"Dgr Developed Herbaceous","Herb","Developed",16,"Developed-Upland Herbaceous","LF 20: Developed","Herbaceous / Nonvascular-dominated","Herbaceous - grassland","Perennial graminoid",158,170,215,0.619608,0.666667,0.843137,147,0
"52",7925,370793,"Eastern Cool Temperate Developed Deciduous Forest",7925,2908,"Dtd Developed Deciduous Forest","Tree","Developed",13,"Developed-Upland Deciduous Forest","LF 20: Developed","Tree-dominated","Open tree canopy","Deciduous open tree canopy",64,61,168,0.25098,0.239216,0.658824,82462,0.1
"53",7926,288158,"Eastern Cool Temperate Developed Evergreen Forest",7926,2909,"Dtc Developed Evergreen Forest","Tree","Developed",14,"Developed-Upland Evergreen Forest","LF 20: Developed","Tree-dominated","Open tree canopy","Evergreen open tree canopy",102,119,205,0.4,0.466667,0.803922,64085,0.1
"54",7927,172109,"Eastern Cool Temperate Developed Mixed Forest",7927,2910,"Dtm Developed Mixed Deciduous-Evergreen Forest","Tree","Developed",15,"Developed-Upland Mixed Forest","LF 20: Developed","Tree-dominated","Open tree canopy","Mixed evergreen-deciduous open tree canopy",68,79,137,0.266667,0.309804,0.537255,38276,0.1
"55",7928,22204,"Eastern Cool Temperate Developed Shrubland",7928,2912,"Dsh Developed Shrubland","Shrub","Developed",17,"Developed-Upland Shrubland","LF 20: Developed","Shrub-dominated","Shrubland","Mixed evergreen-deciduous shrubland",122,142,245,0.478431,0.556863,0.960784,4938,0
"56",7929,683344,"Eastern Cool Temperate Developed Herbaceous",7929,2911,"Dgr Developed Herbaceous","Herb","Developed",16,"Developed-Upland Herbaceous","LF 20: Developed","Herbaceous / Nonvascular-dominated","Herbaceous - grassland","Perennial graminoid",158,170,215,0.619608,0.666667,0.843137,151972,0.2
"57",7963,1336,"Western Cool Temperate Row Crop - Close Grown Crop",7963,2963,"Da Row Crop - Close Grown Crop","Agriculture","Agricultural",63,"Agricultural-Row Crop-Close Grown Crop","LF 80: Agriculture","Herbaceous / Nonvascular-dominated","Herbaceous - grassland","Annual Graminoid/Forb",255,245,140,1,0.960784,0.54902,297,0
"58",7964,51044,"Western Cool Temperate Row Crop",7964,2964,"Da Row Crop","Agriculture","Agricultural",64,"Agricultural-Row Crop","LF 80: Agriculture","Herbaceous / Nonvascular-dominated","Herbaceous - grassland","Annual Graminoid/Forb",250,255,119,0.980392,1,0.466667,11352,0
"59",7965,13028,"Western Cool Temperate Close Grown Crop",7965,2965,"Da Close Grown Crop","Agriculture","Agricultural",65,"Agricultural-Close Grown Crop","LF 80: Agriculture","Herbaceous / Nonvascular-dominated","Herbaceous - grassland","Annual Graminoid/Forb",255,237,119,1,0.929412,0.466667,2897,0
"60",7966,467,"Western Cool Temperate Fallow/Idle Cropland",7966,2966,"Dab Fallow/Idle Cropland","Herb","Agricultural",66,"Agricultural-Fallow/Idle Cropland","LF 80: Agriculture","Herbaceous / Nonvascular-dominated","Herbaceous - grassland","Annual Graminoid/Forb",255,255,119,1,1,0.466667,104,0
"61",7967,6171,"Western Cool Temperate Pasture and Hayland",7967,2967,"Dab Pasture and Hayland","Herb","Agricultural",67,"Agricultural-Pasture and Hayland","LF 80: Agriculture","Herbaceous / Nonvascular-dominated","Herbaceous - grassland","Annual Graminoid/Forb",227,212,28,0.890196,0.831373,0.109804,1372,0
"62",7968,27408,"Western Cool Temperate Wheat",7968,2968,"Da Wheat","Agriculture","Agricultural",68,"Agricultural-Wheat","LF 80: Agriculture","Herbaceous / Nonvascular-dominated","Herbaceous - grassland","Annual Graminoid/Forb",250,227,163,0.980392,0.890196,0.639216,6095,0
"63",7970,531522,"Eastern Cool Temperate Orchard",7970,2960,"Dab Orchard","Tree","Agricultural",60,"Agricultural-Orchard","LF 80: Agriculture","Tree-dominated","Open tree canopy","Deciduous open tree canopy",210,28,94,0.823529,0.109804,0.368627,118208,0.2
"64",7971,4310,"Eastern Cool Temperate Vineyard",7971,2961,"Da Vineyard","Agriculture","Agricultural",61,"Agricultural-Vineyard","LF 80: Agriculture","Shrub-dominated","Shrubland","Mixed evergreen-deciduous shrubland",168,0,132,0.658824,0,0.517647,959,0
"65",7972,1132,"Eastern Cool Temperate Bush fruit and berries",7972,2962,"Dab Bush Fruit and Berries","Shrub","Agricultural",62,"Agricultural-Bush fruit and berries","LF 80: Agriculture","Shrub-dominated","Shrubland","Mixed evergreen-deciduous shrubland",210,28,119,0.823529,0.109804,0.466667,252,0
"66",7973,421448,"Eastern Cool Temperate Row Crop - Close Grown Crop",7973,2963,"Da Row Crop - Close Grown Crop","Agriculture","Agricultural",63,"Agricultural-Row Crop-Close Grown Crop","LF 80: Agriculture","Herbaceous / Nonvascular-dominated","Herbaceous - grassland","Annual Graminoid/Forb",255,245,140,1,0.960784,0.54902,93728,0.1
"67",7974,14263552,"Eastern Cool Temperate Row Crop",7974,2964,"Da Row Crop","Agriculture","Agricultural",64,"Agricultural-Row Crop","LF 80: Agriculture","Herbaceous / Nonvascular-dominated","Herbaceous - grassland","Annual Graminoid/Forb",250,255,119,0.980392,1,0.466667,3172138,5.1
"68",7975,5848686,"Eastern Cool Temperate Close Grown Crop",7975,2965,"Da Close Grown Crop","Agriculture","Agricultural",65,"Agricultural-Close Grown Crop","LF 80: Agriculture","Herbaceous / Nonvascular-dominated","Herbaceous - grassland","Annual Graminoid/Forb",255,237,119,1,0.929412,0.466667,1300716,2.1
"69",7976,31120,"Eastern Cool Temperate Fallow/Idle Cropland",7976,2966,"Dab Fallow/Idle Cropland","Herb","Agricultural",66,"Agricultural-Fallow/Idle Cropland","LF 80: Agriculture","Herbaceous / Nonvascular-dominated","Herbaceous - grassland","Annual Graminoid/Forb",255,255,119,1,1,0.466667,6921,0
"70",7977,9834796,"Eastern Cool Temperate Pasture and Hayland",7977,2967,"Dab Pasture and Hayland","Herb","Agricultural",67,"Agricultural-Pasture and Hayland","LF 80: Agriculture","Herbaceous / Nonvascular-dominated","Herbaceous - grassland","Annual Graminoid/Forb",227,212,28,0.890196,0.831373,0.109804,2187206,3.5
"71",7978,1031780,"Eastern Cool Temperate Wheat",7978,2968,"Da Wheat","Agriculture","Agricultural",68,"Agricultural-Wheat","LF 80: Agriculture","Herbaceous / Nonvascular-dominated","Herbaceous - grassland","Annual Graminoid/Forb",250,227,163,0.980392,0.890196,0.639216,229462,0.4
"72",7979,2216,"Eastern Cool Temperate Aquaculture",7979,2969,"Da Aquaculture","Agriculture","Agricultural",69,"Agricultural-Aquaculture","LF 80: Agriculture","Herbaceous / Nonvascular-dominated","Herbaceous - grassland","Annual Graminoid/Forb",210,255,237,0.823529,1,0.929412,493,0
"73",9055,987323,"Boreal-Laurentian Bog",9055,2477,"Tr Boreal Acidic Peatland Systems","Shrub","Riparian",683,"Peatland Forests","SAF 13: Black Spruce-Tamarack","Shrub-dominated","Shrubland","Mixed evergreen-deciduous shrubland",186,163,119,0.729412,0.639216,0.466667,219575,0.3
"74",9056,19941980,"Boreal-Laurentian Conifer Acidic Swamp and Treed Poor Fen",9056,2477,"Tr Boreal Acidic Peatland Systems","Tree","Riparian",683,"Peatland Forests","SAF 13: Black Spruce-Tamarack","Tree-dominated","Open tree canopy","Evergreen open tree canopy",186,163,119,0.729412,0.639216,0.466667,4434990,7.1
"75",9057,1108599,"Boreal-Laurentian-Acadian Acidic Basin Fen",9057,2494,"Sh Laurentian-Acadian Shrub-Herbaceous Wetland Systems","Shrub","Riparian",675,"Inland Marshes and Prairies","LF 44: Laurentian-Acadian Herbaceous Wetland","Shrub-dominated","Shrubland","Mixed evergreen-deciduous shrubland",255,92,38,1,0.360784,0.14902,246546,0.4
"76",9064,4,"Central Interior Acidic Cliff and Talus",9064,2497,"Sps Central Interior and Appalachian Sparsely Vegetated Systems","Sparse","Sparsely Vegetated",700,"Sparse Vegetation","LF 33: Sparsely Vegetated","No Dominant Lifeform","Sparsely vegetated","Sparsely vegetated",100,100,100,0.392157,0.392157,0.392157,1,0
"77",9088,870223,"Laurentian-Acadian Sub-boreal Dry-Mesic Pine-Black Spruce Forest",9088,2344,"Tr Boreal Jack Pine-Black Spruce Forest","Tree","Conifer",676,"Jack Pine Forest","SAF 1: Jack Pine","Tree-dominated","Closed tree canopy","Evergreen closed tree canopy",174,245,224,0.682353,0.960784,0.878431,193533,0.3
"78",9089,11525389,"Laurentian-Acadian Sub-boreal Mesic Balsam Fir-Spruce Forest",9089,2365,"Tr Boreal White Spruce-Fir Forest","Tree","Conifer",693,"Spruce-Fir-Hardwood Forest","SAF 5: Balsam Fir","Tree-dominated","Closed tree canopy","Evergreen closed tree canopy",182,250,227,0.713725,0.980392,0.890196,2563185,4.1
"79",9099,269,"Great Lakes Acidic Rocky Shore and Cliff",9099,2499,"Sps Laurentian-Acadian Sparsely Vegetated Systems","Sparse","Sparsely Vegetated",700,"Sparse Vegetation","LF 33: Sparsely Vegetated","No Dominant Lifeform","Sparsely vegetated","Sparsely vegetated",100,100,100,0.392157,0.392157,0.392157,60,0
"80",9100,843,"Great Lakes Alkaline Rocky Shore and Cliff",9100,2499,"Sps Laurentian-Acadian Sparsely Vegetated Systems","Sparse","Sparsely Vegetated",700,"Sparse Vegetation","LF 33: Sparsely Vegetated","No Dominant Lifeform","Sparsely vegetated","Sparsely vegetated",100,100,100,0.392157,0.392157,0.392157,187,0
"81",9101,58053,"Great Lakes Dune",9101,2499,"Sps Laurentian-Acadian Sparsely Vegetated Systems","Sparse","Sparsely Vegetated",700,"Sparse Vegetation","LF 33: Sparsely Vegetated","No Dominant Lifeform","Sparsely vegetated","Sparsely vegetated",100,100,100,0.392157,0.392157,0.392157,12911,0
"82",9102,412,"Great Lakes Freshwater Estuary and Delta",9102,2492,"He Great Lakes Coastal Marsh Systems","Herb","Riparian",675,"Inland Marshes and Prairies","LF 44: Laurentian-Acadian Herbaceous Wetland","Herbaceous / Nonvascular-dominated","Herbaceous - grassland","Perennial graminoid grassland",255,92,38,1,0.360784,0.14902,92,0
"83",9111,15550,"Laurentian Acidic Rocky Outcrop Woodland",9111,2559,"Tr Laurentian Acidic Rocky Outcrop","Tree","Conifer",676,"Jack Pine Forest","SAF 15: Red Pine","Tree-dominated","Sparse tree canopy","Evergreen sparse tree canopy",174,245,224,0.682353,0.960784,0.878431,3458,0
"84",9112,9752844,"Laurentian Jack Pine-Red Pine Forest",9112,2246,"Tr Laurentian Jack Pine-Red Pine Forest","Tree","Conifer",676,"Jack Pine Forest","SAF 15: Red Pine","Tree-dominated","Sparse tree canopy","Evergreen sparse tree canopy",174,245,224,0.682353,0.960784,0.878431,2168980,3.5
"85",9113,567,"Laurentian-Acadian Acidic Cliff and Talus",9113,2499,"Sps Laurentian-Acadian Sparsely Vegetated Systems","Sparse","Sparsely Vegetated",700,"Sparse Vegetation","LF 33: Sparsely Vegetated","No Dominant Lifeform","Sparsely vegetated","Sparsely vegetated",100,100,100,0.392157,0.392157,0.392157,126,0
"86",9114,336062,"Laurentian-Acadian Alkaline Fen",9114,2494,"Sh Laurentian-Acadian Shrub-Herbaceous Wetland Systems","Shrub","Riparian",675,"Inland Marshes and Prairies","LF 44: Laurentian-Acadian Herbaceous Wetland","Shrub-dominated","Shrubland","Mixed evergreen-deciduous shrubland",255,92,38,1,0.360784,0.14902,74738,0.1
"87",9115,42,"Laurentian-Acadian Calcareous Cliff and Talus",9115,2499,"Sps Laurentian-Acadian Sparsely Vegetated Systems","Sparse","Sparsely Vegetated",700,"Sparse Vegetation","LF 33: Sparsely Vegetated","No Dominant Lifeform","Sparsely vegetated","Sparsely vegetated",100,100,100,0.392157,0.392157,0.392157,9,0
"88",9117,2876326,"Laurentian-Acadian Floodplain Forest",9117,2475,"Tr Laurentian-Acadian Floodplain Systems","Tree","Riparian",666,"Eastern Floodplain Forests","SAF 39: Black Ash-American Elm-Red Maple","Tree-dominated","Open tree canopy","Mixed evergreen-deciduous open tree canopy",50,137,168,0.196078,0.537255,0.658824,639680,1
"89",9118,1192282,"Laurentian-Acadian Freshwater Marsh",9118,2494,"Sh Laurentian-Acadian Shrub-Herbaceous Wetland Systems","Herb","Riparian",675,"Inland Marshes and Prairies","LF 44: Laurentian-Acadian Herbaceous Wetland","Herbaceous / Nonvascular-dominated","Herbaceous - grassland","Perennial graminoid grassland",255,92,38,1,0.360784,0.14902,265157,0.4
"90",9119,1,"Laurentian-Acadian Lakeshore Beach",9119,2499,"Sps Laurentian-Acadian Sparsely Vegetated Systems","Sparse","Sparsely Vegetated",700,"Sparse Vegetation","LF 33: Sparsely Vegetated","No Dominant Lifeform","Sparsely vegetated","Sparsely vegetated",100,100,100,0.392157,0.392157,0.392157,0,0
"91",9120,5027056,"Laurentian-Acadian Wet Meadow",9120,2494,"Sh Laurentian-Acadian Shrub-Herbaceous Wetland Systems","Herb","Riparian",783,"Wet Meadow","LF 44: Laurentian-Acadian Herbaceous Wetland","Herbaceous / Nonvascular-dominated","Herbaceous - grassland","Perennial graminoid grassland",255,92,38,1,0.360784,0.14902,1117990,1.8
"92",9177,284459,"North-Central Interior and Appalachian Acidic Peatland Woodland",9177,2479,"Tr Central Interior and Appalachian Swamp Systems","Tree","Riparian",694,"Atlantic Swamp Forests","LF 72: Peatland Forests","Tree-dominated","Open tree canopy","Mixed evergreen-deciduous open tree canopy",0,92,0,0,0.360784,0,63262,0.1
"93",9178,562366,"North-Central Interior and Appalachian Rich Swamp",9178,2479,"Tr Central Interior and Appalachian Swamp Systems","Tree","Riparian",694,"Atlantic Swamp Forests","SAF 39: Black Ash-American Elm-Red Maple","Tree-dominated","Open tree canopy","Mixed evergreen-deciduous open tree canopy",50,137,168,0.196078,0.537255,0.658824,125067,0.2
"94",9179,122019,"North-Central Interior Floodplain Forest",9179,2471,"Tr Central Interior and Appalachian Floodplain Systems","Tree","Riparian",666,"Eastern Floodplain Forests","SAF 61: River Birch-Sycamore","Tree-dominated","Open tree canopy","Mixed evergreen-deciduous open tree canopy",0,92,0,0,0.360784,0,27136,0
"95",9180,255881,"North-Central Interior Freshwater Marsh",9180,2493,"Sh Central Interior and Appalachian Shrub-Herbaceous Wetland Systems","Herb","Riparian",675,"Inland Marshes and Prairies","LF 45: Central Interior and Appalachian Herbaceous Wetland","Herbaceous / Nonvascular-dominated","Herbaceous - grassland","Perennial graminoid grassland",91,195,199,0.356863,0.764706,0.780392,56907,0.1
"96",9181,19,"North-Central Interior Quartzite Glade",9181,2560,"Tr North-Central Interior Quartzite Glade","Tree","Conifer-Hardwood",670,"Glades and Barrens","SAF 52: White Oak-Black Oak-Northern Red Oak","Tree-dominated","Open tree canopy","Mixed evergreen-deciduous open tree canopy",85,187,194,0.333333,0.733333,0.760784,4,0
"97",9182,3208,"North-Central Interior Shrub Alkaline Fen",9182,2493,"Sh Central Interior and Appalachian Shrub-Herbaceous Wetland Systems","Shrub","Riparian",675,"Inland Marshes and Prairies","LF 45: Central Interior and Appalachian Herbaceous Wetland","Shrub-dominated","Shrubland","Mixed evergreen-deciduous shrubland",91,195,199,0.356863,0.764706,0.780392,713,0
"98",9183,90619,"North-Central Interior Shrub Swamp",9183,2493,"Sh Central Interior and Appalachian Shrub-Herbaceous Wetland Systems","Shrub","Riparian",675,"Inland Marshes and Prairies","LF 45: Central Interior and Appalachian Herbaceous Wetland","Shrub-dominated","Shrubland","Mixed evergreen-deciduous shrubland",91,195,199,0.356863,0.764706,0.780392,20153,0
"99",9192,5305,"Northern Atlantic Coastal Plain Pond",9192,2474,"Tr Gulf and Atlantic Coastal Plain Small Stream Riparian Systems","Herb","Riparian",668,"Eastern Small Stream Riparian Forests","SAF 92: Sweetgum-Willow Oak","Herbaceous / Nonvascular-dominated","Herbaceous - grassland","Perennial graminoid",145,255,115,0.568627,1,0.45098,1180,0
"100",9202,83692,"Northern Great Lakes Coastal Marsh",9202,2492,"He Great Lakes Coastal Marsh Systems","Herb","Riparian",675,"Inland Marshes and Prairies","LF 44: Laurentian-Acadian Herbaceous Wetland","Herbaceous / Nonvascular-dominated","Herbaceous - grassland","Perennial graminoid grassland",255,92,38,1,0.360784,0.14902,18613,0
"101",9203,12837,"Northern Great Lakes Interdunal Wetland",9203,2492,"He Great Lakes Coastal Marsh Systems","Herb","Riparian",675,"Inland Marshes and Prairies","LF 44: Laurentian-Acadian Herbaceous Wetland","Herbaceous / Nonvascular-dominated","Herbaceous - grassland","Perennial graminoid grassland",255,92,38,1,0.360784,0.14902,2855,0
"102",9295,231335,"Laurentian-Acadian Sub-boreal Dry-Mesic Pine-Black Spruce-Hardwood Forest",9088,2544,"Tr Boreal Jack Pine-Black Spruce-Hardwood Forest","Tree","Conifer-Hardwood",676,"Jack Pine Forest","SAF 1: Jack Pine","Tree-dominated","Closed tree canopy","Mixed evergreen-deciduous closed tree canopy",174,245,224,0.682353,0.960784,0.878431,51448,0.1
"103",9312,3690556,"Northeastern North American Temperate Forest Plantation",9312,2562,"Tr Northeastern North American Temperate Forest Plantation","Tree","Conifer",731,"Managed Tree Plantation","LF 61: Managed Tree Plantation","Tree-dominated","Open Tree Canopy","Evergreen open tree canopy",158,67,14,0.619608,0.262745,0.054902,820760,1.3
"104",9314,390782,"Northern & Central Native Ruderal Flooded & Swamp Forest",9314,2565,"Tr Northern & Central Native Ruderal Flooded & Swamp Forest","Tree","Riparian",740,"Ruderal Forest","LF 53: Ruderal Forest","Tree-dominated","Closed tree canopy","Mixed evergreen-deciduous closed tree canopy",255,105,46,1,0.411765,0.180392,86908,0.1
"105",9315,2453129,"Northern & Central Native Ruderal Forest",9315,2566,"Tr Northern & Central Native Ruderal Forest","Tree","Conifer-Hardwood",740,"Ruderal Forest","LF 53: Ruderal Forest","Tree-dominated","Open tree canopy","Mixed evergreen-deciduous open tree canopy",255,105,46,1,0.411765,0.180392,545563,0.9
"106",9317,563683,"Northern & Central Ruderal Shrubland",9317,2568,"Sh Northern & Central Ruderal Meadow & Shrubland","Shrub","Exotic Tree-Shrub",706,"Introduced Upland Vegetation-Shrub","LF 52: Introduced Upland Vegetation - Shrub","Shrub-dominated","Shrubland","Deciduous shrubland",255,105,46,1,0.411765,0.180392,125360,0.2
"107",9318,398555,"Northern & Central Ruderal Wet Meadow & Marsh",9318,2569,"He Northern & Central Ruderal Wet Meadow & Marsh","Herb","Riparian",709,"Introduced Herbaceous Wetland Vegetation","LF 59: Introduced Herbaceous Wetland and Riparian Vegetation","Herbaceous / Nonvascular-dominated","Herbaceous - grassland","Perennial graminoid grassland",255,105,46,1,0.411765,0.180392,88636,0.1
"108",9601,14067,"Great Lakes Dune Grassland",9101,2251,"He Great Lakes Dune Grassland","Herb","Grassland",654,"Atlantic Dunes and Grasslands","LF 57: Dunes and Maritime Grasslands","Herbaceous / Nonvascular-dominated","Herbaceous - grassland","Perennial graminoid grassland",255,98,41,1,0.384314,0.160784,3128,0
"109",9611,1215,"Laurentian Acidic Rocky Outcrop Shrubland",9111,2559,"Tr Laurentian Acidic Rocky Outcrop","Shrub","Shrubland",676,"Jack Pine Forest","SAF 15: Red Pine","Shrub-dominated","Shrubland","Evergreen shrubland",174,245,224,0.682353,0.960784,0.878431,270,0
"110",9617,140173,"Laurentian-Acadian Floodplain Shrubland",9117,2475,"Tr Laurentian-Acadian Floodplain Systems","Shrub","Riparian",666,"Eastern Floodplain Forests","SAF 39: Black Ash-American Elm-Red Maple","Shrub-dominated","Shrubland","Mixed evergreen-deciduous shrubland",50,137,168,0.196078,0.537255,0.658824,31174,0
"111",9620,2468089,"Laurentian-Acadian Shrub Swamp",9120,2494,"Sh Laurentian-Acadian Shrub-Herbaceous Wetland Systems","Shrub","Riparian",675,"Inland Marshes and Prairies","LF 44: Laurentian-Acadian Herbaceous Wetland","Shrub-dominated","Shrubland","Mixed evergreen-deciduous shrubland",255,92,38,1,0.360784,0.14902,548890,0.9
"112",9677,20964,"North-Central Interior and Appalachian Acidic Peatland Shrubland",9177,2479,"Tr Central Interior and Appalachian Swamp Systems","Shrub","Riparian",694,"Atlantic Swamp Forests","SAF 61: River Birch-Sycamore","Shrub-dominated","Shrubland","Mixed evergreen-deciduous shrubland",0,92,0,0,0.360784,0,4662,0
"113",9679,8697,"North-Central Interior Floodplain Shrubland",9179,2471,"Tr Central Interior and Appalachian Floodplain Systems","Shrub","Riparian",666,"Eastern Floodplain Forests","SAF 61: River Birch-Sycamore","Shrub-dominated","Shrubland","Mixed evergreen-deciduous shrubland",0,92,0,0,0.360784,0,1934,0
"114",9682,2855,"North-Central Interior Graminoid Alkaline Fen",9182,2493,"Sh Central Interior and Appalachian Shrub-Herbaceous Wetland Systems","Herb","Riparian",675,"Inland Marshes and Prairies","LF 45: Central Interior and Appalachian Herbaceous Wetland","Herbaceous / Nonvascular-dominated","Herbaceous - grassland","Perennial graminoid",91,195,199,0.356863,0.764706,0.780392,635,0
"115",9683,102219,"North-Central Interior Wet Meadow",9183,2493,"Sh Central Interior and Appalachian Shrub-Herbaceous Wetland Systems","Herb","Riparian",675,"Inland Marshes and Prairies","LF 45: Central Interior and Appalachian Herbaceous Wetland","Herbaceous / Nonvascular-dominated","Herbaceous - grassland","Perennial graminoid",91,195,199,0.356863,0.764706,0.780392,22733,0
"116",9817,7265979,"Northern & Central Ruderal Meadow",9317,2568,"Sh Northern & Central Ruderal Meadow & Shrubland","Herb","Exotic Herbaceous",703,"Introduced Perennial Grassland and Forbland","LF 54: Introduced Upland Vegetation - Herbaceous","Herbaceous / Nonvascular-dominated","Herbaceous - grassland","Perennial graminoid grassland",255,105,46,1,0.411765,0.180392,1615915,2.6
